{
  "files": {
    "reference": "../data/chimera.fa.gz",
    "dbfile": "Out/genome.db"
  },
  "rng": {
    "master_seed": 1
  },
  "denovo_variant_models": [
    {
      "snp": {
        "chromosome": [1],
        "phet": 0.5,
        "p": 0.001
      }
    },
    {
      "insert": {
        "chromosome": [1],
        "p": 0.001,
        "phet": 0.5,
        "t_mat": [[ 0.32654629,  0.17292732,  0.24524503,  0.25528135],
                  [ 0.3489394,   0.25942695,  0.04942584,  0.3422078],
                  [ 0.28778188,  0.21087004,  0.25963262,  0.24171546],
                  [ 0.21644706,  0.20588717,  0.24978216,  0.32788362]],
        "p_end": 0.1,
        "max_len": 1000
      }
    }
  ]
}