{
  "files": {
    "genome": "/Users/kghose/Data/hg38/",
    "output vcf": "Out/test.vcf.gz"
  },
  "rng": {
    "master_seed": 1
  },
  "denovo_variant_models": [
    {
      "snp": {
        "chromosome": [1, 2, 3, 4, 5, 6, 7, 8, 9, 10, 11, 12, 13, 14, 15, 16, 17, 18, 19, 20, 21, 22, 23, 24],
        "phet": 0.5,
        "p": 0.0005
      }
    },
    {
      "insert": {
        "chromosome": [1, 2, 3, 4, 5, 6, 7, 8, 9, 10, 11, 12, 13, 14, 15, 16, 17, 18, 19, 20, 21, 22, 23, 24],
        "p": 0.00001,
        "phet": 0.5,
        "t_mat": [[ 0.32654629,  0.17292732,  0.24524503,  0.25528135],
                  [ 0.3489394,   0.25942695,  0.04942584,  0.3422078],
                  [ 0.28778188,  0.21087004,  0.25963262,  0.24171546],
                  [ 0.21644706,  0.20588717,  0.24978216,  0.32788362]],
        "p_end": 0.1,
        "max_len": 1000
      }
    },
    {
      "delete": {
        "chromosome": [1, 2, 3, 4, 5, 6, 7, 8, 9, 10, 11, 12, 13, 14, 15, 16, 17, 18, 19, 20, 21, 22, 23, 24],
        "p": 0.00001,
        "phet": 0.5,
        "p_end": 0.1,
        "max_len": 1000
      }
    }
  ]
}